-1.041096e-03,-1.535143e-04,-1.847065e-04,-3.959467e-03,3.767940e-03,9.836184e-05,5.669415e-03,1.678786e-03,-1.218863e-03,1.605077e-03,-8.361420e-04,-5.652893e-03,1.064497e-03,-5.727559e-03,-5.843576e-04,4.903757e-03,-2.246561e-03,-4.942137e-03,-2.690910e-03,3.597462e-03,-5.422658e-04,7.689313e-03,-4.085756e-03,-1.633825e-03,-2.032175e-03,4.157462e-03,-2.404931e-04,5.082671e-03,-4.487906e-03,-4.946170e-03,4.884857e-03,4.999801e-03,8.765172e-04,1.820001e-03,-7.983571e-04,-2.564176e-03,-1.331882e-02,-3.555560e-03,-6.549018e-03,5.661155e-03,2.250739e-03,-1.028053e-02,-4.230938e-03,1.055830e-03,-4.318176e-03,-6.947269e-03,5.022596e-03,-2.898529e-02,-3.259757e-02,-1.434186e-03,-1.053617e-02,-1.956922e-03,-2.571195e-04,-9.772102e-04,-3.442587e-03,1.095713e-03,-1.566839e-05,3.963101e-04,-2.907747e-05,-2.732920e-05
1.399982e-03,1.218836e-03,1.102315e-03,8.731986e-04,1.856093e-04,-4.744287e-03,-2.544658e-03,-2.248090e-03,3.377834e-03,-7.094987e-04,3.494761e-03,4.763714e-03,-3.355798e-03,-2.681944e-03,3.690633e-03,-5.870527e-04,5.523314e-04,6.542887e-03,-3.106208e-03,-1.082562e-03,-3.059778e-04,-4.043962e-03,-2.563633e-03,2.443731e-03,-1.996199e-03,-5.559172e-03,-5.847109e-04,-7.241799e-03,-5.088524e-04,-1.788105e-03,2.009306e-03,6.383905e-04,-6.734471e-03,-4.636553e-03,-1.907712e-03,-2.882333e-03,-1.655703e-03,9.611986e-03,-5.311611e-03,9.579629e-03,1.072989e-03,1.973341e-03,-2.603737e-03,-4.657634e-03,5.619625e-04,-3.503658e-03,-8.179527e-03,2.834992e-02,4.289784e-02,2.238609e-02,7.832830e-04,4.130452e-03,-3.536258e-04,-1.713759e-03,-2.841110e-03,1.159316e-03,-1.311294e-03,1.452865e-04,1.734569e-04,3.102729e-04
6.104499e-06,3.367937e-04,6.557563e-04,-4.802609e-03,-1.736638e-03,-3.627741e-04,3.409348e-04,9.328364e-04,1.479144e-03,5.499053e-03,-2.718072e-03,-1.516100e-03,5.556041e-03,-2.360644e-03,-3.432188e-03,6.431966e-04,-5.542608e-03,-1.552260e-03,3.253710e-03,8.834498e-04,3.224153e-03,-7.209663e-03,-2.166848e-03,1.341020e-03,1.484813e-03,5.915294e-03,-9.651412e-04,1.024109e-02,-2.112781e-03,-9.243329e-03,-4.881901e-03,4.601023e-03,8.023292e-03,1.315810e-03,-8.935360e-04,3.908283e-03,-6.879617e-03,-1.150102e-02,5.310665e-03,-1.534346e-02,-1.725900e-03,7.615457e-03,-8.078818e-03,2.639077e-03,2.457298e-04,-1.160977e-03,-1.187519e-03,-2.205306e-02,-5.145279e-02,-2.980544e-02,5.437437e-03,-7.520772e-03,-5.346379e-03,-4.969902e-03,-6.844669e-03,-3.225423e-03,-3.047661e-04,-1.515726e-04,-3.354173e-04,1.272582e-04
1.214603e-03,-4.745082e-03,7.693344e-04,-2.157208e-03,3.199982e-03,2.497876e-03,-2.638921e-03,-3.259330e-03,1.908664e-03,5.518283e-03,6.591576e-03,3.222580e-03,5.680511e-03,5.503870e-03,3.932919e-03,7.623917e-04,1.833004e-03,3.911310e-03,5.870802e-03,5.260335e-03,-1.205772e-02,-5.669492e-03,1.675564e-03,-4.052063e-03,-6.398929e-03,-7.337129e-03,4.122032e-03,-8.328520e-03,-1.864155e-03,-1.472205e-02,-1.267478e-03,4.870492e-03,-4.109989e-03,3.393191e-03,4.166537e-03,-2.176209e-03,-8.765980e-03,-1.277657e-02,-2.242500e-02,3.422905e-03,3.862490e-02,1.365207e-02,2.806557e-04,-2.953495e-03,-3.601486e-03,7.958608e-03,-1.677236e-03,3.325340e-02,2.073532e-02,3.798114e-02,3.140774e-02,-2.431103e-02,-3.036779e-03,-3.554291e-03,-8.879736e-05,-3.583056e-03,-3.209831e-03,-2.264386e-04,-1.537693e-04,-1.656900e-04
2.299471e-03,-1.586904e-03,-1.796113e-04,-3.851036e-03,-2.403315e-03,-1.257085e-03,2.538267e-03,-8.028788e-03,-1.699965e-03,9.935270e-01,4.098188e-03,-3.497167e-03,6.943691e-03,2.847805e-03,3.661275e-04,1.209077e-02,-5.327731e-03,-6.856185e-03,-5.712098e-03,1.007680e+00,1.887816e-03,-9.472921e-03,6.753628e-03,-5.472046e-03,-1.435158e-03,-9.301376e-03,-1.116152e-02,4.869123e-03,2.724357e-03,1.007535e+00,-5.480826e-04,7.467083e-03,-1.435340e-02,-1.957098e-03,-1.873171e-03,7.952383e-03,1.489165e-03,-1.405642e-02,1.277185e-02,1.006545e+00,1.767031e-02,-1.154877e-02,1.445877e-02,1.032103e-02,4.108964e-03,5.809304e-03,1.870497e-02,3.115006e-03,-1.276374e-02,1.006280e+00,-1.514817e-02,8.407626e-03,9.966882e-03,5.905649e-03,1.841242e-03,1.387215e-03,-1.394550e-03,-7.022007e-04,-2.286079e-04,9.826517e-05
4.024874e-03,-1.514034e-03,1.385635e-03,-1.929284e-03,1.818191e-03,3.525458e-03,-3.300839e-04,-1.068014e-03,1.885363e-03,-3.902914e-03,1.259646e-03,-8.623478e-03,-4.783621e-03,6.247613e-03,6.138675e-03,5.169871e-03,7.551217e-04,-9.377273e-04,-1.011995e-02,-6.558575e-03,6.071207e-03,2.062519e-03,5.640971e-03,-2.349980e-03,3.312517e-03,-5.633852e-03,4.087985e-03,-9.584193e-03,2.734379e-03,-1.068773e-02,-5.566271e-03,3.006381e-03,2.679450e-04,2.456814e-03,4.214125e-03,2.020398e-03,-2.329184e-04,2.876979e-02,-1.246302e-02,1.517356e-03,-1.988630e-02,-1.126629e-02,-4.154650e-03,1.832347e-03,-3.204553e-03,-3.325071e-04,-3.721648e-03,-3.765899e-03,5.601647e-02,2.310948e-02,3.474270e-03,1.709738e-02,8.865197e-03,3.263339e-03,2.399166e-03,7.922456e-04,8.089741e-04,-1.221816e-03,-2.531332e-04,-9.618387e-05
-9.156780e-04,-5.481992e-04,-2.448000e-03,-2.345952e-03,2.639974e-05,-1.915039e-03,6.998281e-03,-2.628003e-03,-5.108856e-04,4.004734e-03,-4.764843e-04,7.041393e-03,-1.448471e-03,7.025425e-04,-4.637187e-04,-5.188695e-03,4.062395e-03,7.411570e-04,1.830836e-03,2.239943e-04,-6.059760e-03,-2.559667e-03,3.925546e-03,-8.579135e-04,-2.879799e-03,4.750639e-03,-1.083064e-02,-1.475323e-03,2.182215e-03,6.891175e-03,8.670916e-03,8.854105e-04,-3.994509e-03,2.641432e-03,4.312714e-03,-3.661103e-03,9.873670e-03,-4.770940e-03,-3.258053e-03,-8.488697e-03,-3.114209e-03,-1.924063e-03,-4.574620e-04,-1.229768e-03,-7.178745e-03,-2.907604e-03,2.549996e-03,8.444314e-03,-2.820452e-02,-2.306023e-02,-8.306333e-03,-2.624552e-02,-2.650226e-03,-3.548789e-03,-3.698308e-04,6.096808e-04,2.300773e-04,-5.121049e-04,-3.614957e-05,2.609428e-05
-9.400668e-04,2.876459e-03,1.141889e-03,2.333220e-03,-6.942665e-04,-5.501686e-04,3.056529e-03,-9.665334e-03,3.352794e-03,-9.861481e-04,2.536228e-03,-5.303521e-03,3.852306e-04,3.201942e-03,-4.591402e-03,2.629161e-04,-3.019863e-03,-3.737361e-03,-2.614291e-03,-6.757854e-03,6.483661e-03,-1.430932e-03,1.536312e-03,3.933660e-03,4.427752e-03,-2.876669e-03,-1.884445e-03,8.863431e-03,4.820780e-03,-2.688228e-03,-2.493359e-03,1.286934e-03,-5.300694e-03,5.992383e-04,3.630914e-03,8.587264e-04,-4.881801e-04,-7.389124e-03,-8.283594e-04,8.951583e-03,-9.791019e-04,-3.512520e-04,6.526854e-03,2.985722e-03,2.337709e-03,4.279475e-04,2.601906e-04,9.206602e-03,6.978146e-03,-1.825736e-02,-2.264119e-02,1.190361e-02,-3.657209e-03,-3.733200e-04,5.690531e-04,-2.360588e-03,3.705311e-04,-2.727201e-04,-2.270097e-04,7.168450e-05
6.663892e-04,-1.005662e-03,-4.650624e-04,1.733285e-03,1.844564e-03,-4.055320e-03,6.365924e-03,-8.820647e-03,6.695095e-03,2.623270e-03,1.345696e-03,-2.317681e-03,-1.914205e-03,-1.642893e-03,2.767457e-03,2.023320e-03,1.161937e-03,-9.416298e-04,-2.454855e-04,-3.103726e-05,-4.500348e-03,-1.990217e-03,-2.796693e-03,-2.668174e-04,-1.013586e-03,-3.277960e-03,6.207021e-03,-4.781174e-03,-1.506527e-03,1.902778e-03,4.494680e-03,2.669723e-04,7.839571e-04,-3.818203e-03,-4.678056e-03,-1.471020e-03,-1.423145e-04,-2.546381e-03,4.572825e-03,-1.073147e-02,-7.776407e-03,-3.774679e-04,-2.300690e-03,-1.163582e-03,-3.278852e-03,-5.058181e-03,1.094123e-03,-1.295057e-02,-9.525975e-03,8.990444e-03,3.430559e-02,2.014259e-02,-9.784695e-03,2.011370e-04,2.858528e-03,7.396500e-04,-2.117108e-04,2.921713e-04,-2.797481e-04,-5.707108e-05
1.611202e-03,-1.158609e-03,-6.933357e-04,2.451050e-04,2.977066e-05,7.157786e-04,4.987425e-03,-7.834111e-03,-2.035712e-03,2.554579e-03,-2.848740e-03,3.924957e-03,-7.045650e-04,-3.205536e-03,-1.966578e-03,-2.616421e-03,-1.196811e-03,2.123088e-03,1.396780e-03,6.575643e-04,-2.154960e-03,5.231852e-03,-1.055995e-04,3.246674e-03,-3.077894e-04,3.719896e-03,-4.038557e-03,3.013514e-03,-1.952063e-04,2.694653e-04,-3.805927e-03,-6.329492e-04,-1.972571e-03,-2.793507e-03,-3.539314e-04,-3.678179e-04,-4.619054e-03,-3.651708e-03,1.558920e-03,1.162256e-02,1.049164e-02,7.066764e-03,6.179164e-03,2.531445e-03,2.132542e-05,-7.678850e-03,-1.877268e-02,-1.457371e-02,-9.625441e-03,9.747968e-01,-1.165345e-02,-2.875421e-02,-1.291627e-02,-8.429815e-04,1.979456e-03,1.967572e-03,1.223773e-03,-1.233012e-04,2.777589e-05,4.501228e-05
-7.120594e-04,2.687917e-03,8.922075e-04,-4.527944e-03,-1.911483e-03,1.225374e-03,4.436319e-03,-5.924773e-03,4.094655e-03,4.718820e-03,-4.210620e-04,-2.051932e-03,-2.452707e-03,1.895152e-03,-2.141023e-04,1.978388e-03,-2.204420e-03,-7.079688e-04,-1.234760e-03,7.714657e-03,-2.061284e-03,-5.190370e-03,9.657745e-05,-4.030018e-03,-1.427143e-03,3.149999e-04,4.650253e-03,-2.877516e-03,-5.401522e-03,4.022637e-03,6.112141e-03,-3.453045e-03,5.317721e-03,-1.682383e-03,-3.382427e-03,-2.691017e-03,8.677146e-04,3.847127e-03,5.487796e-03,-1.840056e-02,-6.940471e-03,3.356657e-03,-3.288881e-03,-3.426068e-04,-8.201606e-04,3.163725e-03,-6.749021e-04,2.497146e-02,1.928405e-02,4.195245e-02,2.454234e-02,1.305228e-03,-4.772164e-03,-3.760747e-03,5.961690e-04,-8.735558e-05,-1.121996e-04,5.789886e-04,-5.775322e-05,-2.084794e-05
4.367300e-04,7.958441e-04,-1.400247e-03,-3.976484e-03,3.906876e-03,-3.753416e-03,-1.082357e-04,-1.528048e-03,8.424105e-04,3.815257e-03,-1.064440e-03,1.334727e-03,2.008115e-03,2.547295e-04,-6.556644e-04,3.530487e-03,-1.818725e-03,3.989254e-03,6.466405e-05,5.132992e-03,-3.175094e-03,1.600637e-04,-3.073282e-04,-6.441023e-04,-7.297512e-04,3.470025e-04,3.820405e-04,-2.542955e-03,3.317937e-03,-6.683465e-03,-5.731469e-04,1.317262e-03,-2.788341e-03,1.702337e-04,2.415748e-03,5.008520e-03,-2.472411e-03,-4.619185e-04,-6.014072e-03,2.429671e-02,1.475979e-02,-6.188873e-04,3.710648e-03,-2.569515e-03,-1.101142e-03,-8.520289e-03,-2.225322e-03,-1.604987e-03,-2.794500e-02,-5.848742e-02,-8.786933e-03,-2.965445e-03,-5.392997e-03,-4.798659e-03,-2.593001e-03,-2.939161e-04,-3.534798e-04,-4.241709e-04,2.034497e-04,5.356456e-05
-2.256514e-03,-5.264115e-04,1.748908e-03,-3.599541e-04,-8.051503e-04,4.850237e-04,1.155674e-03,-4.223587e-03,-1.473070e-03,1.600370e-03,3.309696e-04,-1.578833e-03,-2.552915e-03,2.185220e-04,3.374842e-03,-6.294100e-04,4.316533e-03,-4.912840e-03,-3.738064e-03,2.690419e-03,1.907636e-03,-3.352715e-03,3.616305e-03,-3.456233e-03,-3.782670e-03,-8.829271e-04,6.650120e-04,1.493618e-03,-1.020345e-04,1.785733e-03,3.906017e-03,-8.160791e-04,2.740668e-04,2.907319e-03,-1.158917e-04,2.115194e-03,7.923415e-03,1.264504e-02,2.291786e-03,-2.499376e-02,-1.189052e-02,-6.646084e-03,5.078426e-03,-1.112155e-03,3.853622e-04,-9.350575e-04,1.258341e-02,-5.310041e-03,2.127684e-02,4.594415e-02,-4.059618e-03,2.565136e-03,2.804163e-03,1.552775e-03,2.043615e-04,-4.827040e-04,-1.156262e-04,8.302007e-05,-2.026921e-04,-3.744162e-05
-1.120784e-03,-2.566344e-03,6.889272e-03,-2.736727e-03,2.284468e-03,3.086640e-04,-2.897759e-03,-1.363412e-03,-3.443707e-03,6.019035e-04,-2.905176e-04,1.032679e-03,-1.085606e-03,-3.109183e-03,-1.311454e-03,1.299955e-04,-3.636979e-05,-1.659560e-03,2.207648e-03,6.926919e-04,2.418157e-03,3.270046e-03,-2.735275e-04,8.633204e-04,1.406281e-03,1.243341e-03,1.212213e-03,-1.024623e-03,6.045691e-03,-3.615816e-03,-4.024233e-03,-1.726772e-03,1.600424e-03,8.228474e-04,9.211038e-04,2.714206e-03,5.098625e-03,2.696306e-03,-1.803697e-03,1.909318e-02,9.445592e-03,2.137117e-02,-6.211065e-03,-1.020112e-03,1.350897e-04,-3.431522e-03,-3.745089e-03,-1.581126e-03,-1.559591e-02,-2.069462e-02,3.169676e-02,2.185252e-02,7.203120e-03,2.155992e-03,3.471751e-03,7.920897e-04,-2.645343e-04,1.476202e-04,2.658519e-04,3.054040e-05
-7.855641e-04,-5.005323e-03,8.910273e-03,3.037448e-04,4.901673e-03,-2.905993e-04,9.301371e-04,-1.595362e-03,-2.915556e-03,-6.665951e-04,4.628225e-04,4.446828e-03,1.930821e-03,3.425921e-04,-2.365855e-03,5.919878e-05,3.842495e-03,-2.310711e-03,-8.886310e-03,-7.368472e-03,1.434431e-03,-9.622965e-04,4.766732e-03,-4.128980e-04,-1.149809e-04,-6.843174e-04,-1.598211e-03,-1.095621e-03,5.237883e-03,5.100448e-03,3.018548e-03,1.141004e-02,-1.126557e-03,6.451525e-04,-6.388036e-03,-5.578757e-03,-8.723990e-03,-1.136031e-02,1.973341e-03,9.785116e-01,8.913845e-03,-1.636427e-02,-1.532806e-02,-3.681614e-03,-1.118706e-03,1.766742e-03,3.053207e-03,2.108910e-03,-1.849223e-03,9.885328e-03,-4.155790e-02,-1.934119e-02,-8.385940e-03,-3.126452e-03,1.970994e-03,1.043242e-03,5.346074e-04,-4.203065e-04,-1.990750e-05,-4.980482e-06
-1.773274e-03,-2.347428e-03,1.015451e-02,-1.569152e-03,1.956656e-03,-3.025282e-03,8.986325e-04,8.445587e-04,-4.057850e-04,3.203124e-03,-1.776327e-03,8.342164e-04,-1.771048e-04,-3.980777e-03,-1.566117e-03,3.520451e-03,9.229006e-04,1.281873e-03,4.889978e-03,-1.322770e-03,-1.562634e-03,2.585781e-03,-2.177747e-03,2.233610e-03,1.526156e-03,2.440244e-03,3.516161e-03,4.596479e-03,1.620255e-03,-3.742926e-04,-5.563509e-03,-3.436855e-03,4.603051e-03,-4.511558e-03,3.765850e-03,3.108592e-04,-1.853308e-03,2.582508e-02,-8.830309e-03,2.874411e-02,-2.031162e-02,1.544404e-03,-3.446659e-03,-4.309462e-03,-3.259583e-03,2.668034e-03,-2.551502e-03,-2.948398e-03,6.898616e-03,1.579850e-03,4.156197e-02,1.548048e-02,2.280042e-03,7.733307e-04,1.721895e-03,-1.214838e-04,3.361744e-04,3.337876e-04,-3.005728e-04,-1.455795e-04
-6.757252e-04,-2.302888e-03,9.931630e-03,2.555898e-05,5.361779e-03,-1.616632e-03,3.116264e-04,1.802938e-03,-2.990229e-03,1.008648e-02,-1.489638e-03,9.145797e-05,-1.882579e-03,-2.309023e-03,5.266536e-05,-4.911647e-04,-7.799689e-04,4.793265e-03,-5.561846e-03,4.832336e-05,1.787992e-03,3.267892e-03,-2.550411e-03,-9.245453e-04,3.150266e-03,3.626466e-03,1.378844e-03,-1.456568e-03,-1.078145e-02,7.368134e-03,8.776125e-03,6.232858e-03,5.722474e-03,-8.397987e-04,-9.943440e-04,-1.268676e-03,1.200879e-02,-2.238494e-02,-4.930854e-03,-3.682459e-02,2.339819e-02,7.074920e-03,9.721084e-04,3.259251e-04,-6.635975e-05,-2.277034e-04,3.847549e-03,8.086277e-03,-9.407253e-03,6.013457e-03,-2.339346e-02,1.146640e-02,1.008519e-02,2.669239e-03,2.091291e-03,5.788659e-04,4.866943e-05,-2.024162e-04,1.687485e-04,-7.777703e-05
6.335941e-04,-5.184203e-03,9.481649e-03,-1.301049e-03,-2.702686e-03,-6.141404e-04,3.402425e-03,-1.719538e-04,-1.635227e-03,5.774100e-03,8.724071e-05,4.480672e-04,-4.664931e-03,1.001552e-03,-1.765817e-03,-5.450151e-03,3.353454e-03,4.518092e-03,3.512059e-03,1.906058e-03,8.655672e-04,2.304466e-03,3.848776e-04,-2.962423e-03,-3.502127e-03,-1.392932e-03,1.709665e-03,3.140917e-03,5.869536e-03,-5.066047e-03,8.709505e-04,-6.880661e-03,-4.222284e-03,2.743974e-03,-1.137102e-03,2.543313e-03,-8.354700e-03,1.550984e-02,1.065278e-02,3.509222e-02,-3.030203e-02,7.578239e-03,6.655008e-03,-1.994818e-03,1.587714e-03,1.357635e-04,-2.018485e-03,-3.069875e-03,3.960921e-03,-7.980238e-03,-2.657959e-04,-1.649986e-02,-9.673335e-03,-3.473511e-03,-1.901992e-03,9.021681e-05,6.769633e-04,-3.160983e-04,-5.027285e-04,-1.087584e-04
-4.785345e-03,-6.408348e-03,1.355573e-02,-5.747180e-03,3.008830e-03,1.810445e-03,-2.268086e-03,6.305876e-03,2.117829e-03,4.509890e-03,-1.522925e-03,2.725643e-03,1.032323e-03,1.791155e-03,2.674053e-03,-1.047375e-03,3.610167e-03,1.977227e-03,-6.049874e-03,-3.557667e-03,-2.838257e-03,5.339331e-04,-3.600272e-03,9.317417e-05,-1.287277e-03,-3.385483e-03,-5.464057e-03,-4.375575e-03,-4.771215e-03,-1.794378e-03,-1.113758e-02,-3.010361e-03,-6.631941e-04,-2.621341e-03,1.160108e-03,-4.603204e-05,1.145445e-03,-8.008596e-03,-9.584066e-03,-2.525300e-02,4.749127e-02,-5.300073e-03,-3.115623e-03,7.502607e-03,-1.432128e-03,-1.159611e-03,1.984760e-03,2.161298e-03,-8.046740e-04,8.448917e-03,1.436706e-02,6.319427e-03,-6.653812e-03,-3.540445e-03,-1.010123e-03,2.321675e-04,2.461074e-05,2.449154e-04,-1.146100e-04,-1.034919e-04
-5.281569e-03,-8.137793e-03,1.602218e-02,-3.162201e-03,4.814106e-04,-1.889867e-03,-9.684294e-04,-2.021021e-03,-3.567880e-03,2.985423e-03,-2.577420e-03,1.242958e-03,1.149238e-03,1.531735e-03,6.843148e-04,1.238706e-03,-1.237898e-04,-2.112953e-03,4.703829e-03,-5.768810e-03,-4.844518e-03,-2.309324e-03,8.947141e-03,2.270867e-04,6.533752e-03,-4.139172e-03,3.422084e-04,1.285638e-02,-4.640478e-03,9.778615e-01,6.853947e-03,8.097668e-03,-1.411035e-03,2.489944e-04,3.267681e-03,6.394489e-04,1.837414e-03,6.342751e-03,1.084799e-02,1.593720e-02,-4.248836e-02,2.865226e-03,-6.137966e-03,-3.211981e-03,-9.791994e-04,-6.993997e-04,-1.279473e-04,-6.487784e-03,-4.637336e-03,-6.293805e-03,-1.319292e-02,7.980714e-03,1.321239e-02,3.920436e-03,3.537930e-03,1.380310e-03,-5.498084e-04,-4.361421e-04,2.202982e-04,4.176623e-05
-2.076280e-03,-3.420315e-04,8.232220e-03,-2.215154e-03,1.308234e-03,3.472726e-03,-3.250106e-03,1.796039e-03,6.495106e-03,1.715582e-03,6.916416e-03,1.939226e-03,-1.459501e-03,-5.353904e-03,-4.102514e-04,2.393499e-03,-3.366404e-03,-5.096367e-03,-1.818709e-03,7.747884e-04,9.067327e-03,6.398712e-03,-4.337822e-03,1.526969e-03,-1.439430e-03,-1.272810e-03,1.760900e-03,-5.406264e-03,-1.145282e-03,1.273839e-02,-1.986179e-02,-6.142027e-03,-1.118315e-02,5.936351e-03,6.169171e-03,2.989563e-03,-1.912135e-03,-6.926537e-03,-7.307032e-03,-7.450030e-03,2.730326e-02,-8.487487e-03,4.228421e-03,4.456998e-03,-2.020696e-03,2.127509e-03,-2.146630e-03,-3.209163e-04,1.074280e-02,-3.536745e-03,8.093197e-03,-2.016206e-02,-9.639842e-03,2.275491e-04,5.650682e-04,-3.898065e-04,-3.153070e-05,-3.165521e-04,-1.836973e-04,1.894417e-04
-3.365930e-03,-1.431422e-03,3.980331e-03,-1.965607e-03,-2.422706e-03,-4.394122e-03,-1.908795e-03,2.686244e-03,-1.858289e-03,-7.577916e-04,3.237023e-04,1.552415e-03,-3.046271e-03,-4.602883e-03,4.784449e-04,-2.818980e-03,-2.030787e-03,-3.022457e-03,4.994989e-03,-6.140922e-03,-7.051581e-03,-9.168700e-03,3.819921e-03,1.286188e-03,-4.683035e-03,-1.598904e-03,-8.039720e-03,-4.784520e-03,-7.176524e-03,-1.144814e-02,2.603712e-02,8.802274e-03,1.113431e-02,-1.723712e-03,1.734630e-03,-5.385865e-04,1.044897e-03,1.040925e-04,3.664514e-03,-2.984128e-03,-9.601366e-03,3.715783e-03,-1.128966e-03,-3.616081e-03,1.527326e-03,1.469971e-03,1.445651e-03,1.493378e-03,-1.308887e-02,1.414987e-02,-1.850243e-03,1.526848e-02,-8.331383e-03,-3.564784e-03,-3.065616e-03,-7.220400e-04,4.190730e-04,3.137479e-04,-8.402781e-05,-1.807273e-04
-8.878860e-04,-1.445037e-03,5.571356e-03,-4.377284e-04,8.237321e-04,2.177352e-03,-1.996928e-04,2.093913e-03,3.643089e-03,-5.123542e-03,-1.627641e-03,-7.029898e-03,-4.576777e-03,3.674901e-03,6.681542e-04,4.941824e-03,5.953052e-03,3.013424e-03,1.012352e-03,8.200344e-03,6.177327e-03,1.224077e-02,4.786543e-04,-2.723876e-03,3.056572e-03,-4.073480e-03,4.621265e-03,1.114628e-02,8.354260e-03,1.866811e-02,-3.337033e-02,-9.351773e-03,-2.500847e-03,-1.118527e-03,-1.939927e-03,-1.735649e-03,-3.425367e-03,1.362576e-03,-4.002491e-03,7.313558e-03,-1.409901e-02,4.453840e-03,-2.356295e-03,-9.777141e-05,9.125272e-04,2.135379e-03,-1.318712e-03,5.440867e-03,6.186808e-03,-1.361120e-03,3.789171e-03,9.285973e-03,1.854071e-02,3.081935e-03,1.176118e-03,1.431500e-03,8.498747e-04,2.802328e-04,3.275591e-04,-9.928273e-05
-1.117041e-03,-2.681810e-03,2.801643e-03,1.974947e-03,-4.283376e-03,1.392855e-03,3.835704e-03,-2.821838e-03,5.186638e-04,-9.137765e-04,-8.471176e-04,2.741087e-03,2.366351e-03,1.317725e-03,1.593874e-03,-8.801739e-04,2.456765e-03,2.377066e-03,-8.684155e-04,-7.476201e-04,-7.955779e-03,-3.541673e-03,-7.445445e-03,2.518166e-03,-4.210205e-03,-2.823144e-04,1.246023e-03,-8.391636e-03,-1.109529e-02,-2.024947e-02,2.860994e-02,9.189735e-03,-5.348618e-04,1.720843e-04,-1.037991e-03,1.055562e-04,2.526351e-03,1.199729e-03,7.522101e-03,-3.256151e-03,2.394203e-02,-1.115138e-02,6.430854e-03,2.975744e-03,-2.544005e-03,-2.157267e-03,3.282839e-03,4.085194e-03,5.561628e-04,-1.663883e-02,2.653152e-05,-2.240928e-02,-5.794574e-03,2.814527e-03,3.102099e-03,2.024881e-03,6.080295e-04,-3.118812e-04,-2.461737e-04,1.339755e-04
1.896269e-03,3.127233e-03,-3.134348e-03,-4.669367e-04,-3.414004e-03,4.386625e-04,-8.672131e-04,-1.593526e-03,9.629771e-03,-1.578703e-02,-6.262921e-04,-2.420900e-03,-2.592430e-03,8.534441e-03,-5.134497e-04,1.205707e-04,6.125629e-03,8.543104e-03,-1.376893e-03,1.002110e+00,3.843652e-04,1.202597e-02,-4.044028e-03,-2.386298e-03,-1.641210e-03,6.981362e-04,-3.695964e-03,8.327925e-03,9.901768e-03,2.641284e-02,-2.168830e-02,-5.665791e-04,7.044098e-03,-8.380002e-04,3.424350e-04,-5.589082e-04,2.268736e-03,1.584440e-04,1.263239e-03,-4.941198e-03,-2.403461e-02,1.649021e-02,-9.152331e-03,1.162292e-03,2.379121e-03,-2.166597e-03,-9.494823e-04,-7.732850e-03,-3.146640e-03,1.870166e-02,-5.342549e-03,6.804989e-03,-1.270392e-02,-6.686565e-03,-1.032053e-03,-4.559789e-05,-3.251470e-04,-2.456230e-04,-5.259283e-04,-1.067309e-04
1.707309e-03,1.122558e-03,-2.274431e-03,1.716759e-03,-5.726602e-03,7.996244e-04,2.454437e-03,1.186150e-03,-4.595864e-03,4.740060e-03,3.191070e-03,4.038138e-03,-1.019124e-03,1.175386e-03,4.372188e-04,8.137457e-04,-6.486609e-03,1.035476e-03,-5.792711e-03,7.858843e-03,2.352998e-03,2.044216e-03,-8.903930e-04,6.223465e-04,7.940859e-04,-3.781889e-03,4.149559e-03,1.054033e-03,-7.924447e-03,-3.100725e-02,1.442741e-02,-6.747881e-03,-5.767742e-03,1.785782e-03,2.882970e-04,-6.263765e-04,-2.260884e-04,-2.903302e-03,2.257363e-05,2.577945e-02,1.452743e-02,-2.530464e-03,1.440861e-03,-2.462493e-03,-5.317938e-03,2.397250e-03,-9.139249e-04,-5.378689e-04,7.866486e-03,-9.807248e-03,4.850218e-03,1.311169e-02,7.971135e-03,-2.071189e-03,-2.109887e-03,-1.688286e-03,-4.684201e-04,-6.030646e-05,2.968761e-04,-2.330715e-04
1.640278e-03,5.857903e-04,-3.516402e-03,2.934817e-03,-2.853678e-03,5.127836e-04,-2.203668e-03,2.905744e-03,-5.715573e-05,-7.528833e-03,-2.419323e-03,4.928231e-04,7.935368e-04,-1.084933e-03,-2.248648e-03,1.691991e-03,7.229805e-03,7.125460e-03,5.108970e-03,-1.149938e-02,3.546837e-03,-1.169113e-03,2.922387e-03,7.023682e-04,1.357172e-03,-9.604474e-05,6.644265e-05,1.443507e-03,7.234916e-03,3.219865e-02,-8.934462e-03,5.533430e-03,3.488098e-03,2.426857e-04,-1.895842e-03,-1.358344e-03,-8.200342e-04,8.738772e-04,-3.465478e-03,-3.068593e-02,5.833889e-03,-1.461582e-02,1.052289e-03,-5.740212e-03,8.106539e-04,9.592660e-04,5.757021e-04,2.135918e-03,-7.091521e-03,-1.370090e-02,-3.358265e-05,-1.188723e-02,9.208987e-03,7.314403e-03,2.763130e-03,7.584469e-04,4.291809e-04,-1.140901e-04,2.053129e-04,1.388445e-04
2.117717e-03,1.074754e-03,-6.020213e-03,3.380147e-03,-2.877929e-03,1.250066e-03,1.158048e-03,-1.270999e-03,-1.072634e-02,7.828795e-03,-4.953699e-03,1.923224e-03,3.492315e-04,2.556160e-04,1.103059e-03,3.914946e-03,-3.591157e-03,-9.606939e-03,1.435827e-03,5.853507e-03,-4.642915e-03,-7.368132e-03,1.683277e-03,-2.711557e-03,1.053850e-03,4.217225e-03,-4.011763e-04,-1.290742e-03,-1.486232e-02,-2.672109e-02,-6.532089e-03,5.846051e-04,1.455512e-03,4.350871e-03,9.294581e-04,-7.490597e-04,-2.274243e-03,1.589252e-03,3.273992e-03,1.252887e-02,-1.412108e-02,2.362146e-02,-4.820034e-03,1.302242e-02,5.239177e-03,-1.942695e-03,-6.070873e-05,1.183275e-03,7.737341e-03,3.691299e-02,-8.539805e-03,3.834825e-04,-9.557772e-03,-6.025874e-04,2.608842e-03,2.315122e-03,8.188200e-04,1.196068e-04,-3.412343e-04,1.982404e-04
4.451651e-03,-1.662923e-04,-1.054549e-02,2.251506e-03,-4.336243e-03,3.203428e-04,6.488908e-03,1.133010e-03,1.269194e-02,-1.074024e-02,4.968660e-03,3.587320e-03,-2.913494e-03,-7.568239e-05,1.305592e-03,8.473867e-04,-9.232605e-03,-3.722834e-04,4.302082e-03,-3.099970e-02,2.487749e-02,-2.166318e-03,2.000445e-03,-2.508731e-03,3.563431e-04,1.526951e-03,2.665307e-03,-1.852986e-04,2.923244e-03,2.146779e-02,2.415941e-02,-3.110489e-03,-3.654667e-03,-3.292690e-03,1.455676e-03,-8.449964e-04,2.940837e-03,-1.657646e-03,2.598591e-03,2.341253e-02,2.917167e-03,-7.993025e-03,3.886569e-03,-2.196922e-03,-6.864783e-04,2.560528e-03,3.337152e-03,-1.599092e-03,-7.446752e-03,-2.253327e-02,9.747772e-03,1.246708e-02,-6.647916e-03,-1.078479e-02,-4.287786e-03,-3.475969e-05,3.711134e-04,5.426957e-05,-1.994415e-04,-2.463041e-04
3.470155e-03,2.798235e-03,-9.331429e-03,5.946443e-04,-4.955276e-04,4.926118e-03,-7.674446e-03,-3.345154e-03,-1.468644e-02,9.960243e-01,-8.450686e-03,-9.265672e-03,-2.813129e-03,-3.140811e-03,-8.501790e-04,-7.880623e-04,8.935602e-03,2.747670e-03,2.686388e-03,2.093657e-02,-3.158308e-02,-1.800544e-03,-4.639503e-04,-4.953870e-04,9.720493e-04,-9.595908e-04,-1.006694e-03,4.654577e-03,9.638723e-03,-3.142454e-03,-9.459444e-03,5.134821e-03,3.156301e-03,1.261182e-03,-1.046103e-03,-1.199498e-03,-2.215731e-03,1.461539e-03,-5.972982e-03,-4.595637e-02,2.426664e-02,-7.619895e-03,2.991420e-04,-1.102124e-02,-3.286910e-03,2.366036e-03,-1.104819e-03,-2.404233e-03,-8.506571e-04,-2.785518e-02,2.293011e-03,-1.111211e-02,1.119054e-02,5.440703e-04,-1.794876e-03,-1.136030e-03,-1.960893e-04,-2.422424e-04,9.053102e-05,-3.114644e-04
3.572572e-04,2.776813e-03,-1.071042e-02,2.511516e-03,-4.118810e-03,-5.257687e-04,-2.157261e-04,7.249303e-04,4.199807e-03,8.878959e-04,4.349566e-03,-9.722094e-04,-2.134135e-04,-3.567179e-03,2.409468e-03,1.391315e-03,1.492079e-04,1.545234e-03,4.113149e-03,-3.470517e-02,3.375662e-02,1.013434e-03,-2.198481e-03,-1.703940e-03,1.301667e-04,5.945243e-03,1.507862e-03,-2.799906e-03,-1.743752e-02,-3.279568e-02,-1.304284e-03,-4.722404e-03,-1.021076e-03,4.905745e-03,4.108275e-03,-3.554521e-03,-4.179886e-03,2.155195e-03,2.785217e-03,2.058030e-02,-3.495902e-02,1.766592e-02,-9.437451e-03,1.050150e-02,2.188438e-03,-3.356556e-03,-5.218262e-04,2.959585e-03,-6.637945e-04,6.072598e-02,-2.094718e-02,-5.913504e-03,3.597599e-03,9.564935e-03,4.716411e-03,9.611265e-04,-2.250749e-04,-2.893980e-04,1.516334e-04,2.794628e-04
-4.995451e-04,3.670025e-03,-1.094765e-02,2.091825e-03,-3.807720e-03,-2.790526e-03,1.630087e-03,-9.196373e-03,-1.519980e-03,-4.790435e-04,8.908841e-04,-4.746410e-03,2.680766e-03,-2.024952e-03,-3.565402e-04,1.939962e-03,-6.694073e-03,-8.840294e-03,-9.131525e-03,2.085994e-02,-2.265171e-02,1.274384e-03,1.423250e-03,-9.952859e-04,-1.015864e-03,1.632295e-03,2.779848e-03,4.766823e-05,7.668416e-03,6.187989e-02,7.811544e-03,-5.733949e-03,2.216101e-03,-5.404616e-03,3.602956e-04,2.234551e-03,8.207022e-04,4.949724e-04,9.989919e-03,3.819894e-02,1.222706e-02,-1.010270e-02,1.102782e-02,1.150488e-04,5.056632e-03,-1.342814e-03,-3.631756e-03,-2.163779e-03,9.290831e-03,-1.064284e-02,3.871190e-03,1.863997e-02,-8.737217e-03,-3.861573e-03,2.511933e-03,1.826938e-03,7.177165e-04,2.071885e-04,-1.865144e-04,2.254257e-04
1.205692e-03,5.137229e-03,-6.405963e-03,8.565204e-04,-1.075871e-03,4.714869e-03,1.698641e-03,-3.764568e-03,4.341556e-03,-8.715549e-03,-5.068673e-03,-9.500890e-04,1.298368e-03,-2.505341e-03,-1.793470e-03,-3.481880e-03,1.400886e-03,4.811828e-03,8.113985e-03,-1.484059e-02,1.043501e-02,-5.310451e-04,-3.020654e-04,1.559012e-03,-1.300657e-03,-1.812603e-03,-3.660779e-03,3.673830e-03,5.291859e-04,-7.599074e-02,4.472644e-03,4.272097e-03,6.006872e-03,4.030671e-03,-2.039869e-03,7.935278e-04,1.236244e-03,-1.097597e-02,-1.231426e-02,-1.148477e-01,2.632273e-02,1.050630e-03,2.926189e-03,-9.381461e-03,-3.273198e-03,3.086710e-03,7.427336e-03,3.827920e-03,-2.397656e-02,-1.196433e-01,1.169407e-02,-6.965910e-03,4.103748e-03,-1.017632e-02,-2.613830e-03,1.152734e-03,1.310407e-03,1.458895e-04,-2.620170e-04,-3.453246e-04
1.191700e-03,9.761492e-04,-5.342991e-03,-4.639557e-04,-4.025334e-03,-1.500805e-03,-9.014909e-04,-2.071173e-03,2.727696e-03,6.428445e-03,8.271607e-03,3.990619e-03,4.748634e-03,-4.927674e-04,6.664686e-04,-1.018251e-03,1.926697e-03,-1.792465e-03,-1.467453e-02,1.389985e-02,2.533115e-03,-5.261482e-03,-3.045275e-03,2.301609e-03,5.488559e-04,-2.299474e-03,6.748867e-04,-9.191724e-03,-2.060206e-02,9.494076e-02,-2.060028e-02,3.156496e-03,-2.484764e-03,-4.145002e-04,3.046758e-03,-4.452671e-03,4.419775e-04,2.244346e-02,-9.135490e-04,1.853592e-01,-3.380722e-02,6.407988e-03,-1.192649e-02,3.530154e-03,-2.722302e-03,-6.969515e-04,-4.458943e-03,-1.307305e-02,2.029650e-02,2.426345e-01,-2.299140e-02,-1.936357e-02,-1.934492e-03,2.392435e-03,-3.127618e-03,2.008170e-05,2.789483e-04,-4.566832e-05,6.748919e-05,-2.841667e-04
1.503667e-03,-2.621812e-03,-5.661570e-03,-4.794774e-03,8.371659e-06,4.671774e-03,-5.327794e-03,2.523826e-03,-2.183726e-03,1.002347e+00,-1.426456e-03,-3.181546e-03,2.007859e-03,5.499072e-03,-2.817141e-03,2.927355e-03,1.002445e-02,4.931337e-03,1.648986e-02,9.926876e-01,3.990729e-04,2.375721e-03,7.695953e-03,5.476004e-03,-1.501629e-03,-1.119110e-02,-1.706536e-03,2.539542e-02,1.247582e-02,9.017231e-01,1.647627e-02,1.352347e-02,-5.732311e-03,2.227757e-03,3.741075e-04,1.841696e-03,3.448292e-03,5.658903e-04,2.121822e-02,8.025839e-01,3.535107e-02,-1.043536e-02,6.177466e-03,-9.054982e-03,3.738862e-03,-7.253983e-03,-9.503029e-03,8.377407e-04,1.510998e-02,7.285436e-01,1.582010e-04,1.172255e-02,-3.053947e-03,3.157397e-03,1.943711e-03,-4.214194e-04,-5.883218e-04,1.001328e-04,1.743524e-04,9.117818e-05
6.533760e-04,-1.738493e-03,-8.862088e-04,-2.785169e-03,-5.444837e-03,9.143584e-04,4.283255e-03,7.440947e-05,-4.369907e-03,2.185445e-03,3.740364e-03,5.063969e-03,1.088745e-03,-1.794115e-03,2.798465e-03,-1.750172e-03,-2.891853e-03,7.953035e-03,-1.019564e-02,9.228170e-04,-3.304074e-04,-5.477037e-03,-3.499033e-03,4.968155e-03,-3.687130e-03,-8.590780e-03,-2.489877e-03,-5.283382e-03,-3.889286e-02,9.255481e-02,-3.033827e-02,-3.842657e-03,-4.206704e-03,1.729094e-03,-1.047103e-03,4.324562e-03,1.420074e-04,-1.252214e-04,-4.116995e-02,1.771364e-01,5.492618e-03,1.408934e-02,1.137366e-02,3.504900e-04,-3.119894e-03,-2.577241e-03,-1.111943e-04,-2.447530e-02,-3.740983e-02,2.231240e-01,2.531538e-02,-5.755000e-03,-1.409823e-02,-3.848050e-03,5.647444e-03,1.143986e-03,4.481034e-04,-2.627106e-04,-1.407765e-04,2.493318e-04
-1.438143e-03,2.558048e-03,-3.027171e-05,1.475872e-04,-4.899619e-03,-5.509484e-03,-1.470097e-04,-4.239461e-03,6.616218e-03,4.826821e-04,-6.769973e-03,1.634645e-03,4.183944e-03,4.688107e-03,-5.027954e-03,7.101385e-04,-1.432894e-03,-3.563857e-03,5.006930e-04,4.587432e-03,8.966269e-04,2.031833e-03,2.435209e-03,2.663997e-04,2.107351e-04,-2.393148e-03,5.909527e-04,5.919653e-03,3.385310e-02,-8.211290e-02,1.502659e-02,1.807967e-03,-3.129390e-04,2.347190e-03,3.146109e-03,1.895014e-03,9.146539e-03,8.512184e-03,3.556591e-02,-1.183890e-01,-2.513708e-02,5.778913e-03,-5.390489e-03,2.831502e-03,1.241516e-03,2.993028e-03,-4.111371e-03,1.183779e-02,3.571822e-02,-1.276986e-01,-1.410007e-02,-1.236537e-02,-5.482221e-03,-1.075636e-03,4.030108e-03,3.282120e-03,9.395403e-04,-3.153968e-04,-2.908662e-04,2.907487e-06
-3.416544e-04,-1.855987e-04,1.496432e-03,1.935180e-03,-6.298071e-03,-2.542787e-03,1.104008e-02,-9.872808e-03,-4.801238e-03,1.052241e-04,-3.013116e-03,5.428568e-03,-5.411101e-04,-4.117358e-04,2.625824e-03,-6.621261e-05,3.482477e-03,-3.364808e-03,2.398217e-03,-2.267857e-03,-3.155779e-03,-3.528498e-03,4.345874e-03,-3.116312e-04,1.308247e-03,1.583830e-06,5.532973e-03,-3.019053e-03,-4.109543e-02,7.434683e-02,9.400342e-03,2.527419e-03,3.367966e-03,2.166791e-03,1.724526e-03,-1.580254e-03,-8.083437e-03,-1.460279e-03,-2.309137e-02,6.059049e-02,1.878654e-02,-9.298351e-03,4.830153e-03,-3.745147e-03,-6.170678e-04,-2.096490e-03,8.601538e-04,2.555872e-03,-1.079790e-02,1.898667e-02,-1.092085e-02,-2.375382e-03,2.460561e-03,2.098149e-03,-4.873459e-03,8.302811e-04,4.458232e-04,2.529924e-04,-2.185511e-04,-3.252220e-04
1.265541e-03,9.944066e-04,-3.442313e-04,2.347997e-03,-2.978383e-03,1.231579e-03,4.478218e-04,1.485887e-03,2.647722e-03,7.882077e-03,-4.652629e-03,-2.716804e-03,-1.547015e-04,-4.060614e-03,4.190177e-04,4.430937e-03,-5.504383e-03,-3.600165e-03,4.937628e-03,-6.265403e-03,7.906904e-03,4.051060e-04,-5.270146e-03,-1.700623e-03,1.651718e-03,7.279952e-03,-3.076615e-03,-1.796640e-03,3.523865e-02,-6.025416e-02,-1.369525e-02,-4.927618e-03,7.407576e-03,-1.304613e-03,-2.759233e-03,-6.908492e-03,-6.374369e-03,-1.019021e-02,3.706995e-03,-2.466176e-02,-9.442587e-03,9.673683e-03,-8.843409e-03,4.808400e-03,-3.837388e-03,-2.230420e-03,8.986374e-03,-5.220757e-03,-2.486157e-02,3.714713e-02,1.795954e-02,1.734467e-03,-4.867448e-03,-8.325032e-03,-5.785870e-03,-1.084257e-03,8.422564e-04,3.077294e-04,7.278335e-05,-1.546380e-04
1.116353e-03,-1.260918e-03,5.146245e-03,1.620069e-03,-6.060607e-04,-2.768920e-03,-4.712224e-03,1.923256e-04,-5.393517e-03,1.004010e+00,-6.108910e-03,-3.174730e-03,-5.298442e-03,3.297540e-03,-2.938289e-03,2.205688e-03,-4.349054e-03,2.794511e-03,2.635348e-03,-1.562445e-02,-2.265303e-03,-6.689448e-03,2.677254e-03,6.960910e-04,1.629811e-03,7.547503e-04,1.640512e-03,7.041263e-03,-2.742401e-02,3.689085e-02,7.785907e-03,3.681865e-04,-4.517432e-03,-1.337304e-03,-1.488594e-03,4.222936e-03,7.628263e-03,3.942221e-04,1.472329e-02,-7.659568e-03,2.477913e-03,-6.481269e-03,1.405972e-03,-6.037524e-03,1.095744e-03,-5.999427e-04,-8.071696e-03,3.438620e-03,4.332561e-02,-3.440636e-02,-9.338487e-03,2.469117e-03,3.416310e-03,8.651079e-03,3.150467e-03,-1.433162e-03,2.083624e-04,1.045108e-04,4.506118e-04,6.842175e-05
-2.341959e-03,-3.426671e-03,-2.786061e-03,-2.040713e-03,-2.559881e-03,2.968267e-03,2.676884e-03,5.081978e-03,6.716351e-03,2.953631e-03,8.573223e-03,-2.012576e-03,1.537985e-03,-1.206803e-02,7.198705e-03,-1.770737e-03,1.242014e-03,-4.847580e-03,2.428051e-03,-8.538911e-04,7.187696e-03,-2.625505e-03,1.986411e-03,1.157603e-03,-4.650714e-03,-1.967317e-03,9.509274e-04,-5.663787e-03,2.982784e-02,-2.214867e-02,-8.056775e-03,8.852184e-04,3.567398e-03,4.115252e-03,4.336993e-03,5.842931e-03,-4.242228e-03,4.520870e-03,-3.422054e-02,7.516707e-03,1.191599e-02,-2.258129e-03,1.125553e-03,6.695545e-03,1.696062e-03,-1.800523e-03,2.202532e-03,1.400131e-03,-4.047446e-02,1.158059e-02,1.639015e-03,-2.226409e-03,1.624454e-03,4.221843e-04,-6.524069e-04,-1.792137e-03,-1.742743e-03,-5.076803e-04,-8.112662e-05,8.217860e-05
1.588863e-03,-2.424315e-03,2.031946e-03,-1.861306e-03,4.111337e-03,-2.444807e-03,-1.415935e-03,-4.600312e-03,-5.261957e-03,-3.129577e-03,5.331165e-04,-4.514869e-03,-5.292078e-03,2.840376e-03,-8.611443e-03,5.998343e-03,-4.499794e-03,-2.838652e-03,-7.599783e-04,-5.361687e-03,2.745816e-03,-1.945641e-03,-7.523783e-04,3.024470e-06,4.037864e-03,1.530827e-03,5.122838e-03,4.361444e-03,-2.580014e-02,1.139851e-02,9.870805e-03,-2.293548e-03,-1.497253e-03,-6.255032e-03,-2.647300e-03,-7.157084e-03,6.895711e-03,-3.734838e-04,4.141593e-02,-3.957129e-03,-6.120400e-03,9.487910e-03,4.897044e-04,-8.413155e-03,2.369677e-03,2.792848e-03,-1.372401e-03,-6.415512e-03,1.802447e-02,-3.026715e-03,-3.288627e-04,-4.531451e-03,-1.542934e-03,-1.142663e-03,6.584394e-03,1.328501e-03,-1.100005e-03,-8.606582e-04,-3.101843e-04,1.854618e-04
-2.554075e-03,1.087552e-03,1.347462e-03,-2.635468e-03,-1.220327e-03,2.233052e-03,-2.929551e-03,1.931512e-03,-4.397854e-04,4.917090e-03,1.075386e-03,3.380080e-03,2.169185e-03,-1.796045e-03,5.600764e-03,2.284664e-03,5.526096e-03,2.385343e-03,2.418732e-04,-7.107854e-06,4.836568e-03,2.341035e-03,4.880264e-03,-1.870908e-03,7.098885e-03,1.554704e-03,-3.028783e-03,-4.929342e-03,2.122672e-02,-2.575644e-03,-5.197451e-03,3.571556e-03,2.645453e-03,1.453505e-03,1.588400e-03,4.353859e-03,-6.457808e-03,1.178080e-02,-3.536755e-02,-5.895367e-03,2.419509e-03,-7.961544e-03,-3.704043e-03,7.294349e-03,-4.009424e-04,1.974310e-03,1.358150e-03,3.054649e-03,5.501356e-03,3.920809e-03,-2.278692e-03,-3.612241e-03,2.400532e-03,3.238473e-03,-1.416852e-03,2.089150e-03,8.537816e-04,-2.223275e-05,-4.493820e-04,-1.349311e-04
1.517395e-03,-1.346157e-03,-1.795093e-03,-5.329631e-04,-3.083613e-03,2.159551e-05,-4.184518e-03,5.852105e-05,-4.836189e-03,-9.087466e-03,7.815321e-04,-6.620027e-05,3.892813e-03,-7.661886e-05,2.047069e-03,-2.988976e-03,-1.228886e-03,2.500700e-03,6.938078e-03,-9.892406e-03,-2.103108e-03,4.110810e-03,-1.338075e-03,-3.081311e-03,-3.909194e-03,-1.359304e-03,-4.610535e-03,3.477157e-03,-1.423108e-02,-1.665706e-03,2.250442e-03,1.903019e-03,2.915504e-03,2.389638e-03,-2.585490e-03,-7.408970e-03,2.644086e-03,-1.481301e-02,2.863594e-02,8.062834e-03,-7.145065e-03,5.457514e-03,1.114259e-03,-5.903093e-03,-2.372464e-03,-3.837530e-03,3.797954e-03,6.560780e-03,-2.034618e-02,-3.089010e-03,1.202921e-03,2.686287e-03,-5.694442e-03,-6.323559e-03,-9.822397e-06,2.588928e-03,1.230350e-03,4.061284e-04,-1.031355e-04,-1.643532e-04
-3.331952e-03,-8.306310e-04,-2.054632e-03,-2.746364e-03,1.849190e-04,3.272020e-03,-1.707649e-03,4.989143e-03,1.597205e-03,-5.474852e-03,1.687469e-03,-8.134852e-04,8.709861e-04,-4.309042e-04,-4.895538e-03,2.946168e-03,5.109508e-03,4.173336e-03,-2.292722e-03,9.925185e-01,9.320536e-03,3.617155e-03,-2.791847e-03,9.439092e-04,-2.710917e-05,1.555714e-03,1.265762e-03,1.513082e-03,9.662828e-03,-1.008129e-03,-1.304990e-03,-4.700621e-03,-3.793120e-03,-2.412084e-03,-4.240670e-03,4.749325e-03,-6.351235e-03,9.099497e-03,-1.770977e-02,-3.466203e-03,9.564620e-03,-6.534126e-03,-8.137177e-03,4.054818e-03,-1.133547e-03,2.221549e-03,-2.541736e-03,-1.288400e-02,2.373812e-02,7.557279e-04,2.881624e-03,3.691048e-04,-2.666076e-03,3.420404e-03,-3.017453e-03,-1.689803e-03,1.825106e-03,2.850486e-04,-2.921796e-05,-2.616833e-04
1.822167e-03,-9.135167e-04,-4.135001e-03,2.655600e-03,-2.069572e-03,2.863526e-03,-6.473798e-03,3.067100e-03,-4.250487e-03,-2.495129e-03,-1.948209e-03,-9.497760e-04,-3.079112e-03,8.427389e-04,5.119711e-04,-5.755087e-04,9.428926e-04,-3.281683e-03,1.952613e-03,-1.788136e-03,-2.539459e-04,-2.169469e-04,-4.312797e-03,2.884372e-03,-6.149190e-04,-4.007317e-03,5.228607e-03,3.445796e-03,-5.059049e-03,-2.003801e-03,5.258586e-03,-2.112572e-03,4.144502e-06,1.967018e-03,2.704058e-03,-3.308591e-03,1.837188e-03,-2.182283e-02,1.278996e-02,-7.479895e-04,-1.604315e-02,-2.717820e-05,5.224254e-03,-4.383406e-03,-1.609202e-03,-4.718402e-03,5.395852e-03,2.162195e-02,-1.946093e-02,2.543016e-03,-1.767731e-03,2.563072e-03,1.137528e-03,-6.942702e-03,-5.637002e-03,1.575256e-03,1.789663e-03,7.364161e-04,1.173244e-04,-7.320932e-05
-1.088719e-03,4.748422e-03,-6.216181e-04,-5.999634e-04,8.120288e-04,2.220603e-03,3.773082e-03,1.332347e-03,1.399782e-03,3.875078e-03,1.961488e-04,1.813350e-03,3.030056e-04,4.497937e-03,3.640500e-03,3.462510e-03,5.281126e-03,-2.302690e-04,-7.402064e-03,3.570502e-03,5.733073e-04,8.973437e-04,4.246333e-03,-9.567648e-03,6.280600e-03,-4.546197e-03,4.028069e-03,-2.615137e-03,8.658845e-03,-4.443581e-03,-1.191773e-02,-3.755310e-03,-9.001215e-04,9.089677e-04,-1.634686e-03,5.816590e-03,-1.737819e-03,1.068000e-02,-1.100003e-02,5.310017e-03,9.951956e-03,-2.962225e-03,-2.132288e-03,3.832341e-03,1.689191e-03,2.313646e-03,-1.940192e-03,-2.136173e-02,1.046131e-02,-1.561655e-03,6.629904e-03,-9.659120e-04,5.391602e-04,5.347694e-03,2.116194e-03,-3.784048e-03,1.887939e-03,6.326724e-04,3.677748e-04,-4.034291e-05
2.085852e-03,5.128176e-05,1.249837e-03,1.653610e-03,-2.164897e-03,-2.850225e-03,-2.479993e-03,9.983992e-04,-2.404735e-03,2.576213e-03,-3.604660e-04,-1.492832e-03,8.035789e-04,5.520257e-03,3.693348e-03,-1.266312e-03,-3.989458e-03,-3.517221e-05,5.488634e-03,3.306483e-03,-6.744417e-03,2.163942e-03,2.790576e-03,-2.486971e-03,-6.140574e-04,1.530112e-03,-1.118641e-02,4.784501e-03,2.816339e-03,4.234276e-03,7.267489e-03,7.351445e-04,-9.033902e-03,-6.728859e-03,-2.665154e-04,-1.681346e-03,1.790435e-03,-1.649574e-02,4.909666e-03,-5.248936e-04,-7.203093e-03,2.429880e-03,1.470241e-03,-3.725403e-03,-2.204072e-03,-3.130068e-03,-4.758957e-03,2.048828e-02,-7.091885e-03,2.436501e-03,-8.012741e-04,-5.911753e-04,6.184804e-04,-2.383074e-03,-4.380362e-03,-2.340905e-03,-1.357207e-03,5.794787e-05,-2.802759e-05,7.045183e-05
-8.984658e-04,2.628258e-03,1.240959e-03,2.381440e-04,-5.145978e-03,1.315112e-03,1.652765e-03,3.208401e-03,2.683907e-03,1.322891e-03,-7.393727e-04,1.366855e-03,6.644018e-04,-1.011896e-03,1.459706e-03,1.704872e-03,2.637130e-03,3.024479e-03,1.945239e-03,6.324587e-03,1.661444e-03,3.494815e-03,-4.446194e-03,5.559066e-03,9.987610e-04,6.400468e-03,-1.189977e-03,-1.546874e-02,-7.261223e-03,7.922308e-04,-3.095315e-03,-3.653915e-03,3.631586e-03,1.209481e-04,4.849271e-03,4.723441e-03,5.425843e-03,1.067461e-02,-5.086193e-03,-6.750659e-03,3.168078e-03,3.523645e-03,-4.937058e-03,-2.009743e-04,2.873583e-03,1.920760e-03,3.934761e-03,-1.394294e-02,6.686177e-03,-5.563565e-03,1.542247e-03,4.863680e-04,2.133975e-03,2.260402e-03,5.818250e-03,-1.675411e-03,-2.009276e-03,-3.988666e-04,6.952313e-05,2.187516e-04
-2.089848e-03,-1.872224e-03,-1.517084e-03,7.862567e-04,-6.462453e-03,1.439125e-03,-3.503617e-03,3.424594e-03,-4.638466e-03,1.187941e-03,-4.230043e-03,-1.741598e-03,-6.407273e-04,2.889895e-03,-1.040793e-03,-1.372541e-03,6.275078e-04,5.090575e-04,3.634321e-03,3.761084e-03,4.345425e-03,-1.438939e-03,1.363099e-03,1.727973e-04,-1.598375e-03,-4.418637e-05,-5.815099e-04,3.035868e-03,-1.735386e-03,9.986802e-01,2.049972e-03,-1.380664e-03,3.654985e-04,-1.776260e-03,4.307548e-03,4.240156e-03,5.591516e-03,-1.158490e-03,5.520206e-03,3.771213e-03,-7.788640e-04,-1.320118e-03,5.868176e-03,2.921052e-03,1.301278e-03,1.086682e-03,-6.363126e-03,4.219627e-03,-4.723549e-03,3.276860e-03,-2.321928e-03,-3.458220e-03,5.921936e-03,1.392243e-03,1.014063e-03,1.148148e-03,-1.114878e-03,-5.799111e-04,-1.554043e-04,-5.967272e-05
4.132884e-05,-2.783571e-03,2.658149e-03,1.770892e-03,-9.143541e-03,5.148656e-03,-4.457284e-03,9.073982e-03,-3.209819e-03,-7.404331e-04,-1.832159e-03,-1.623363e-03,-6.539289e-03,-4.161899e-04,1.422903e-03,1.333964e-03,-6.835547e-04,1.456352e-04,2.534301e-03,1.599694e-03,-1.365898e-03,-2.192034e-03,-8.542158e-03,-7.642617e-03,-4.301825e-03,-1.481530e-03,-3.886824e-04,-6.477796e-03,1.016551e-02,3.738846e-04,-9.215660e-03,-4.838910e-03,3.154697e-03,-6.657548e-04,-5.723623e-03,3.770778e-03,-4.141026e-03,4.255173e-03,-2.636261e-03,-5.108489e-03,-2.381467e-03,8.024927e-05,-6.789508e-04,-4.842808e-04,1.109513e-03,1.244855e-03,6.284234e-03,2.390934e-04,3.644218e-03,8.319819e-04,1.096539e-05,-1.244381e-03,-2.895741e-03,-1.540947e-03,1.719605e-03,5.191786e-04,-8.951645e-04,-1.132417e-03,-5.968930e-04,-4.442488e-05
-1.985859e-03,-2.326682e-03,8.494832e-03,2.858877e-03,-1.154619e-02,8.001093e-03,-6.824098e-03,7.135816e-03,-4.056465e-03,1.108407e-03,-1.013284e-03,-4.948708e-04,2.892897e-03,3.109417e-03,-1.097049e-04,-2.058117e-03,-9.136474e-04,4.364107e-03,1.290988e-03,2.187528e-04,1.873948e-03,6.955450e-04,-1.114171e-03,-9.702458e-04,5.077973e-03,2.124311e-03,7.063251e-03,-2.643207e-03,5.263750e-03,5.568620e-03,7.314431e-03,-6.673625e-03,-1.341124e-02,-2.565467e-03,-5.255482e-03,5.701785e-03,-1.184149e-04,2.106271e-03,5.507360e-03,7.477893e-03,-2.032628e-03,-1.696273e-03,6.940835e-03,1.589494e-03,-2.168607e-03,1.827352e-03,-4.753894e-03,-3.693090e-03,-4.058581e-03,-1.659581e-03,-1.925404e-03,7.732011e-04,6.652487e-04,2.753461e-03,5.312362e-04,2.444573e-03,1.093680e-04,-1.209928e-03,-2.633827e-04,1.861303e-04
-2.102871e-03,-7.164191e-03,7.641960e-03,3.000675e-03,-8.607356e-03,4.328259e-03,-9.156537e-03,3.730372e-03,3.893048e-04,-2.682802e-03,-2.216107e-03,-7.359009e-04,-2.534552e-03,-1.698854e-03,-1.836487e-03,-4.506013e-04,3.409738e-03,1.128301e-03,-6.055418e-04,-4.503720e-03,2.483572e-03,-7.151616e-04,-3.698891e-03,-1.030359e-04,9.035358e-04,6.361561e-03,-3.139099e-03,-4.079543e-03,4.751794e-05,2.228836e-03,-6.800661e-03,3.868351e-04,1.019778e-02,-7.208455e-03,6.688188e-05,1.463363e-03,7.768068e-03,-1.659644e-02,4.942651e-03,6.560860e-04,9.191337e-04,6.867002e-04,1.472270e-03,-1.635132e-03,-3.260053e-03,-3.404102e-03,6.219241e-03,4.733214e-03,4.524418e-03,-6.917876e-04,5.403429e-05,1.533193e-04,-3.598583e-03,1.908844e-04,1.247138e-04,1.104713e-03,1.745666e-03,-9.503269e-04,-5.405439e-04,2.858209e-04
-4.377014e-03,-2.064543e-03,4.881919e-03,-5.229220e-04,-5.438547e-03,2.456851e-03,-2.689129e-03,5.560581e-03,3.728663e-03,1.703103e-04,5.437206e-03,4.610459e-03,-3.736932e-06,2.549280e-03,3.422174e-04,8.153464e-04,3.078650e-03,-4.287049e-04,-3.020864e-03,6.715527e-04,-1.203884e-03,5.795537e-04,3.385811e-03,-2.214498e-03,-1.695509e-03,2.820212e-03,1.731990e-03,-1.789981e-03,6.484922e-03,2.859127e-03,1.681683e-03,9.212409e-05,2.721524e-03,-1.079245e-03,5.147688e-03,-1.175088e-03,1.909676e-03,1.392137e-02,-5.898052e-03,1.826426e-03,-1.016473e-02,-1.042808e-02,-8.110580e-03,-1.104349e-03,-1.775389e-03,3.083380e-03,-2.275792e-03,-3.023520e-03,-2.312186e-03,-1.378499e-03,2.683677e-03,1.584525e-03,-2.771430e-03,1.751982e-03,-3.450169e-04,2.725194e-03,2.425145e-03,-1.317784e-03,-2.459188e-04,2.963100e-04
-9.710875e-04,1.748558e-04,6.579523e-03,1.084641e-03,-3.935514e-03,4.791762e-03,-4.912808e-03,1.836819e-03,-1.499088e-03,3.220243e-04,-2.875722e-03,-1.686137e-03,-2.524000e-03,1.070536e-03,-1.468149e-03,2.460192e-03,1.632259e-03,3.860807e-03,-2.472599e-04,3.735344e-04,8.692271e-04,-5.196062e-03,-2.001920e-03,-2.341420e-03,1.718613e-03,6.601098e-03,-9.891848e-04,-5.626018e-03,-2.557153e-03,-1.597967e-03,-4.115981e-03,1.078719e-03,-2.019762e-03,4.556751e-04,-3.263859e-03,-7.161383e-03,-1.116785e-02,-1.473996e-02,1.505535e-03,1.012176e+00,8.531390e-03,-1.631065e-02,1.076901e-03,2.884333e-03,8.906303e-04,-5.074032e-03,6.579576e-03,2.018847e-03,-1.652336e-04,1.015751e-03,-4.451652e-04,-2.732324e-03,-4.059812e-03,-2.394608e-03,-8.393085e-04,2.350129e-03,2.624824e-03,-2.184197e-03,-3.660996e-04,1.770200e-04
-4.287820e-04,-1.241228e-03,2.213172e-03,1.244421e-03,-1.926497e-04,-1.476379e-03,9.852240e-04,2.152538e-03,1.564123e-03,6.219196e-03,3.664088e-03,4.115191e-03,2.029380e-04,-1.691850e-03,-2.289154e-03,-2.764141e-03,4.151151e-03,-2.120050e-03,-4.298573e-03,1.988323e-03,-2.802250e-03,-4.481866e-04,5.179765e-03,2.728954e-03,8.873561e-04,4.025226e-03,7.248194e-04,-3.240828e-03,3.579134e-03,2.916911e-03,2.521510e-04,4.307529e-03,1.123246e-03,-3.244390e-03,-2.169914e-03,-5.071138e-03,-8.801538e-03,-1.982548e-02,-4.360428e-03,7.743401e-03,1.880958e-02,2.382656e-02,1.542341e-03,1.074244e-02,2.729425e-03,4.520591e-03,2.441714e-03,1.886898e-03,-3.092208e-03,-1.459426e-03,1.875688e-03,1.871799e-03,-3.522188e-03,8.463077e-04,-4.498063e-04,3.065501e-03,2.314156e-03,-1.657397e-03,-4.612982e-04,2.179371e-04
-2.736835e-03,-9.045006e-04,1.068439e-03,-2.379606e-03,-1.836277e-03,-2.424186e-05,8.399198e-04,-5.586294e-05,2.930771e-04,-7.431691e-04,-3.875621e-03,-1.104141e-03,-9.546241e-04,1.148243e-03,1.678723e-04,1.326761e-03,-1.380721e-03,-1.566791e-03,2.160427e-03,-2.057641e-03,1.181653e-03,-1.078511e-03,-4.969700e-04,-1.207190e-03,-5.272962e-05,-1.967774e-03,-4.842717e-03,1.050952e-03,-2.281882e-03,-9.271030e-04,-7.753755e-04,-6.719364e-03,-2.524565e-03,1.088938e-03,-2.895307e-03,-4.712197e-03,3.396612e-03,-7.996769e-03,5.273689e-03,-1.412139e-02,-1.224673e-02,1.585374e-02,4.006423e-03,-1.406028e-03,-4.084107e-03,-7.279609e-03,5.265543e-03,-4.914779e-04,-8.894082e-04,-2.237603e-03,5.723349e-04,-1.449169e-03,2.920296e-03,-2.079298e-03,7.603882e-04,3.979914e-03,1.186964e-03,-1.318267e-03,-2.681472e-04,1.839953e-04
7.183517e-04,1.686970e-04,2.757966e-03,7.931593e-04,4.598245e-04,4.042580e-04,-1.061595e-03,-1.910356e-03,-2.531133e-04,1.533778e-03,6.652034e-04,-8.670883e-04,-2.949555e-03,-7.165488e-04,-9.676669e-04,3.488058e-03,-1.345413e-03,-8.632747e-04,2.359839e-03,-9.482200e-04,-2.803125e-03,3.516684e-03,2.312458e-03,4.349417e-04,2.493514e-04,5.190468e-03,3.123312e-03,2.733044e-03,-2.969543e-03,6.784912e-05,4.073496e-03,2.413173e-03,-4.876168e-04,-3.470041e-03,-3.582337e-03,4.701816e-03,-3.209242e-03,7.654786e-03,-3.349001e-04,2.918805e-03,2.948753e-03,1.537752e-03,-1.709267e-03,-1.584469e-03,-3.209550e-04,1.172909e-02,1.188932e-03,1.452312e-03,-5.106649e-03,4.899577e-03,2.444830e-03,-2.926958e-03,-2.704489e-03,-1.490910e-03,2.509177e-03,4.795075e-03,-3.175049e-03,-1.170581e-03,-3.700542e-05,2.307720e-04
-1.432308e-03,1.840139e-04,-5.996575e-04,9.533769e-04,3.585522e-05,2.719494e-03,5.655609e-04,6.809831e-05,-5.345927e-04,2.100770e-04,3.656592e-04,-2.388306e-04,1.282870e-03,-3.478185e-04,-2.027090e-03,-4.189616e-03,3.884215e-03,-2.925187e-03,3.891363e-04,2.812012e-04,7.811460e-04,5.728040e-05,3.047562e-03,-6.261526e-05,2.277708e-03,-4.316203e-03,-2.063542e-04,-3.789157e-03,3.518039e-03,-1.546883e-03,-3.142640e-03,7.873345e-04,-1.195686e-03,2.397500e-03,2.087245e-03,-5.693500e-03,-6.521694e-03,-7.417175e-03,-4.021532e-04,-8.700130e-03,3.520939e-03,1.520693e-03,2.039184e-03,5.902022e-03,5.141193e-03,-3.591109e-03,3.865639e-03,-1.434428e-03,-4.795772e-03,1.259573e-03,-3.094777e-04,5.213490e-03,-2.490235e-03,-5.521366e-03,2.398089e-03,2.705094e-03,-2.266835e-03,-9.904098e-04,-1.835072e-04,1.009024e-04
-4.949445e-04,-4.648871e-04,-2.165766e-03,-3.344478e-03,4.122159e-04,8.051171e-04,-6.364913e-04,1.762317e-03,5.226906e-04,-8.703117e-04,6.163201e-04,-2.285367e-03,1.070246e-03,4.654725e-03,1.538548e-03,-1.953301e-03,1.034756e-03,3.001401e-03,-1.411196e-03,-6.946918e-04,-9.474103e-05,-4.774740e-03,4.169293e-03,-2.360702e-03,-7.199717e-05,4.355418e-03,1.424875e-03,2.454803e-05,9.509376e-04,1.056122e-03,-1.445385e-03,-1.598078e-03,2.475082e-03,-2.042698e-03,-9.317384e-04,6.469672e-03,9.191598e-03,1.210283e-02,-6.509116e-04,2.053006e-03,5.158255e-03,-6.540060e-03,-9.345736e-03,1.235315e-03,-2.056581e-04,1.194332e-02,-1.472172e-03,-2.829542e-03,2.935570e-03,-1.144836e-04,8.791159e-04,3.778125e-04,3.146830e-03,-5.000050e-03,3.704586e-03,-1.295360e-03,-3.501363e-03,-9.261572e-04,-2.063642e-04,1.458569e-04